id,Tg,FFV,Tc,Density,Rg
1109053969,162.57144,0.3814352,0.22103797,1.1560313,23.261528
1422188626,191.25104,0.38276163,0.26801115,0.98656523,21.147026
2032016830,88.973175,0.36296433,0.27237323,1.1232697,18.875105
