id,Tg,FFV,Tc,Density,Rg
1109053969,143.45328,0.3784093,0.23133147,1.2261736,23.343058
1422188626,169.1459,0.3800895,0.2598208,1.1033075,22.796541
2032016830,55.715942,0.3511386,0.26353738,1.1553607,23.552639
